v_shock_kms,T_obs_K,TB21_K,Tspin_K,file
20,10000,2.32,8780,v20.out
24,10000,3.43,8460,v24.out
28,10000,4.73,8130,v28.out
32,10000,6.09,7840,v32.out
35,10000,7.32,7610,v35.out
39,10000,9.22,7300,v39.out
43,10000,11.1,7040,v43.out
47,10000,13.3,6780,v47.out
50,10000,15.3,6580,v50.out
54,10000,17.5,6390,v54.out
58,10000,20.6,6170,v58.out
62,10000,23.1,6010,v62.out
65,10000,25.9,5860,v65.out
69,10000,29.1,5720,v69.out
73,10000,32.6,5580,v73.out
77,10000,35.8,5470,v77.out
80,10000,39.2,5370,v80.out
82.5,10000,41,5320,v82_5.out
85,10000,44,5250,v85.out
87.9,10000,47.1,5180,v87_9.out
